Home,Away,Date
Preseason 路 Week 1 of 4,,
Bears,Texans,2 Aug
Preseason 路 Week 2 of 4,,
Giants,Lions,"Fri, 9 Aug"
Patriots,Panthers,"Fri, 9 Aug"
Dolphins,Falcons,"Sat, 10 Aug"
Steelers,Texans,"Sat, 10 Aug"
Ravens,Eagles,"Sat, 10 Aug"
Jets,Commanders,"Sat, 10 Aug"
Bills,Bears,"Sat, 10 Aug"
Vikings,Raiders,"Sun, 11 Aug"
Browns,Packers,"Sun, 11 Aug"
Jaguars,Chiefs,"Sun, 11 Aug"
Bengals,Buccaneers,"Sun, 11 Aug"
Titans,49ers,"Sun, 11 Aug"
Chargers,Seahawks,"Sun, 11 Aug"
Cardinals,Saints,"Sun, 11 Aug"
Colts,Broncos,"Sun, 11 Aug"
Rams,Cowboys,"Mon, 12 Aug"
Preseason 路 Week 3 of 4,,
Patriots,Eagles,"Fri, 16 Aug"
Ravens,Falcons,"Sat, 17 Aug"
Bears,Bengals,"Sat, 17 Aug"
Texans,Giants,"Sat, 17 Aug"
Chiefs,Lions,"Sun, 18 Aug"
Browns,Vikings,"Sun, 18 Aug"
Titans,Seahawks,"Sun, 18 Aug"
Steelers,Bills,"Sun, 18 Aug"
Panthers,Jets,"Sun, 18 Aug"
Dolphins,Commanders,"Sun, 18 Aug"
Colts,Cardinals,"Sun, 18 Aug"
Chargers,Rams,"Sun, 18 Aug"
Jaguars,Buccaneers,"Sun, 18 Aug"
Raiders,Cowboys,"Sun, 18 Aug"
Broncos,Packers,Yesterday
49ers,Saints,Yesterday
Preseason 路 Week 4 of 4,,
Bengals,Colts,"Fri, 23 Aug"
Chiefs,Bears,"Fri, 23 Aug"
Falcons,Jaguars,"Sat, 24 Aug"
Buccaneers,Dolphins,"Sat, 24 Aug"
Raiders,49ers,"Sat, 24 Aug"
Eagles,Vikings,"Sat, 24 Aug"
Packers,Ravens,"Sat, 24 Aug"
Lions,Steelers,"Sat, 24 Aug"
Texans,Rams,"Sat, 24 Aug"
Bills,Panthers,"Sat, 24 Aug"
Cowboys,Chargers,"Sun, 25 Aug"
Jets,Giants,"Sun, 25 Aug"
Seahawks,Browns,"Sun, 25 Aug"
Saints,Titans,"Sun, 25 Aug"
Broncos,Cardinals,"Mon, 26 Aug"
Commanders,Patriots,"Mon, 26 Aug"
Week 1 of 18,,
Chiefs,Ravens,6 Sept
Eagles,Packers,7 Sept
Saints,Panthers,8 Sept
Giants,Vikings,8 Sept
Bengals,Patriots,8 Sept
Falcons,Steelers,8 Sept
Colts,Texans,8 Sept
Bills,Cardinals,8 Sept
Bears,Titans,8 Sept
Dolphins,Jaguars,8 Sept
Seahawks,Broncos,9 Sept
Chargers,Raiders,9 Sept
Browns,Cowboys,9 Sept
Buccaneers,Commanders,9 Sept
Lions,Rams,9 Sept
49ers,Jets,10 Sept
Week 2 of 18,,
Dolphins,Bills,13 Sept
Vikings,49ers,15 Sept
Patriots,Seahawks,15 Sept
Commanders,Giants,15 Sept
Panthers,Chargers,15 Sept
Cowboys,Saints,15 Sept
Packers,Colts,15 Sept
Jaguars,Browns,15 Sept
Titans,Jets,15 Sept
Lions,Buccaneers,15 Sept
Ravens,Raiders,15 Sept
Cardinals,Rams,16 Sept
Chiefs,Bengals,16 Sept
Broncos,Steelers,16 Sept
Texans,Bears,16 Sept
Eagles,Falcons,17 Sept
Week 3 of 18,,
Jets,Patriots,20 Sept
Browns,Giants,22 Sept
Saints,Eagles,22 Sept
Vikings,Texans,22 Sept
Buccaneers,Broncos,22 Sept
Titans,Packers,22 Sept
Colts,Bears,22 Sept
Steelers,Chargers,22 Sept
Seahawks,Dolphins,23 Sept
Raiders,Panthers,23 Sept
Rams,49ers,23 Sept
Cardinals,Lions,23 Sept
Cowboys,Ravens,23 Sept
Falcons,Chiefs,23 Sept
Bills,Jaguars,24 Sept
Bengals,Commanders,24 Sept
Week 4 of 18,,
Giants,Cowboys,27 Sept
Panthers,Bengals,29 Sept
Falcons,Saints,29 Sept
Texans,Jaguars,29 Sept
Jets,Broncos,29 Sept
Packers,Vikings,29 Sept
Colts,Steelers,29 Sept
Bears,Rams,29 Sept
Buccaneers,Eagles,29 Sept
49ers,Patriots,30 Sept
Cardinals,Commanders,30 Sept
Chargers,Chiefs,30 Sept
Raiders,Browns,30 Sept
Ravens,Bills,30 Sept
Dolphins,Titans,1 Oct
Lions,Seahawks,1 Oct
Week 5 of 18,,
Falcons,Buccaneers,4 Oct
Vikings,Jets,6 Oct
Bears,Panthers,6 Oct
Commanders,Browns,6 Oct
Patriots,Dolphins,6 Oct
Jaguars,Colts,6 Oct
Texans,Bills,6 Oct
Bengals,Ravens,6 Oct
Broncos,Raiders,7 Oct
49ers,Cardinals,7 Oct
Seahawks,Giants,7 Oct
Rams,Packers,7 Oct
Steelers,Cowboys,7 Oct
Chiefs,Saints,8 Oct
Seahawks,49ers,11 Oct
Bears,Jaguars,13 Oct
Week 6 of 18,,
Saints,Buccaneers,13 Oct
Ravens,Commanders,13 Oct
Packers,Cardinals,13 Oct
Titans,Colts,13 Oct
Patriots,Texans,13 Oct
Eagles,Browns,13 Oct
Broncos,Chargers,14 Oct
Raiders,Steelers,14 Oct
Panthers,Falcons,14 Oct
Cowboys,Lions,14 Oct
Giants,Bengals,14 Oct
Jets,Bills,15 Oct
Saints,Broncos,18 Oct
Jaguars,Patriots,20 Oct
Vikings,Lions,20 Oct
Bills,Titans,20 Oct
Week 7 of 18,,
Colts,Dolphins,20 Oct
Falcons,Seahawks,20 Oct
Packers,Texans,20 Oct
Browns,Bengals,20 Oct
Giants,Eagles,20 Oct
Rams,Raiders,21 Oct
Commanders,Panthers,21 Oct
49ers,Chiefs,21 Oct
Steelers,Jets,21 Oct
Buccaneers,Ravens,22 Oct
Cardinals,Chargers,22 Oct
Rams,Vikings,25 Oct
Commanders,Bears,27 Oct
Jaguars,Packers,27 Oct
Dolphins,Cardinals,27 Oct
Patriots,Jets,27 Oct
Week 8 of 18,,
Browns,Ravens,27 Oct
Texans,Colts,27 Oct
Lions,Titans,27 Oct
Buccaneers,Falcons,27 Oct
Chargers,Saints,28 Oct
Seahawks,Bills,28 Oct
Raiders,Chiefs,28 Oct
Broncos,Panthers,28 Oct
Bengals,Eagles,28 Oct
49ers,Cowboys,28 Oct
Steelers,Giants,29 Oct
Jets,Texans,1 Nov
Panthers,Saints,3 Nov
Giants,Commanders,3 Nov
Bills,Dolphins,3 Nov
Browns,Chargers,3 Nov
Week 9 of 18,,
Titans,Patriots,3 Nov
Vikings,Colts,3 Nov
Falcons,Cowboys,3 Nov
Bengals,Raiders,3 Nov
Ravens,Broncos,3 Nov
Cardinals,Bears,4 Nov
Seahawks,Rams,4 Nov
Packers,Lions,4 Nov
Eagles,Jaguars,4 Nov
Chiefs,Buccaneers,5 Nov
Ravens,Bengals,8 Nov
Panthers,Giants,10 Nov
Bears,Patriots,10 Nov
Buccaneers,49ers,10 Nov
Chiefs,Broncos,10 Nov
Colts,Bills,10 Nov
Week 10 of 18,,
Commanders,Steelers,10 Nov
Jaguars,Vikings,10 Nov
Saints,Falcons,10 Nov
Chargers,Titans,11 Nov
Cardinals,Jets,11 Nov
Cowboys,Eagles,11 Nov
Texans,Lions,11 Nov
Rams,Dolphins,12 Nov
Eagles,Commanders,15 Nov
Dolphins,Raiders,17 Nov
Saints,Browns,17 Nov
Titans,Vikings,17 Nov
Bears,Packers,17 Nov
Lions,Jaguars,17 Nov
Patriots,Rams,17 Nov
Steelers,Ravens,17 Nov
Week 11 of 18,,
49ers,Seahawks,18 Nov
Broncos,Falcons,18 Nov
Bills,Chiefs,18 Nov
Chargers,Bengals,18 Nov
Jets,Colts,18 Nov
Cowboys,Texans,19 Nov 24
Browns,Steelers,22 Nov 24
Texans,Titans,24 Nov 24
Bears,Vikings,24 Nov 24
Commanders,Cowboys,24 Nov 24
Dolphins,Patriots,24 Nov 24
Panthers,Chiefs,24 Nov 24
Giants,Buccaneers,24 Nov 24
Colts,Lions,24 Nov 24
Raiders,Broncos,25 Nov 24
Seahawks,Cardinals,25 Nov 24
Week 12 of 18,,
Packers,49ers,25 Nov 24
Rams,Eagles,25 Nov 24
Chargers,Ravens,26 Nov 24
Lions,Bears,28 Nov 24
Cowboys,Giants,29 Nov 24
Packers,Dolphins,29 Nov 24
Chiefs,Raiders,30 Nov 24
Jaguars,Texans,1 Dec 24
Patriots,Colts,1 Dec 24
Falcons,Chargers,1 Dec 24
Jets,Seahawks,1 Dec 24
Commanders,Titans,1 Dec 24
Bengals,Steelers,1 Dec 24
Vikings,Cardinals,1 Dec 24
Saints,Rams,2 Dec 24
Panthers,Buccaneers,2 Dec 24
Week 13 of 18,,
Ravens,Eagles,2 Dec 24
Bills,49ers,2 Dec 24
Broncos,Browns,3 Dec 24
Lions,Packers,6 Dec 24
Steelers,Browns,8 Dec 24
Giants,Saints,8 Dec 24
Dolphins,Jets,8 Dec 24
Titans,Jaguars,8 Dec 24
Vikings,Falcons,8 Dec 24
Eagles,Panthers,8 Dec 24
Buccaneers,Raiders,8 Dec 24
Cardinals,Seahawks,9 Dec 24
49ers,Bears,9 Dec 24
Rams,Bills,9 Dec 24
Chiefs,Chargers,9 Dec 24
Cowboys,Bengals,10 Dec 24
Week 14 of 18,,
49ers,Rams,13 Dec 24
Saints,Commanders,15 Dec 24
Browns,Chiefs,15 Dec 24
Titans,Bengals,15 Dec 24
Texans,Dolphins,15 Dec 24
Giants,Ravens,15 Dec 24
Jaguars,Jets,15 Dec 24
Panthers,Cowboys,15 Dec 24
Chargers,Buccaneers,16 Dec 24
Broncos,Colts,16 Dec 24
Cardinals,Patriots,16 Dec 24
Lions,Bills,16 Dec 24
Eagles,Steelers,16 Dec 24
Seahawks,Packers,16 Dec 24
Vikings,Bears,17 Dec 24
Raiders,Falcons,17 Dec 24
Week 15 of 18,,
Bengals,Browns,20 Dec 24
Chiefs,Texans,21 Dec 24
Ravens,Steelers,22 Dec 24
Bills,Patriots,22 Dec 24
Falcons,Giants,22 Dec 24
Bears,Lions,22 Dec 24
Panthers,Cardinals,22 Dec 24
Jets,Rams,22 Dec 24
Commanders,Eagles,22 Dec 24
Colts,Titans,22 Dec 24
Chargers,Broncos,23 Dec 24
Seahawks,Vikings,23 Dec 24
Raiders,Jaguars,23 Dec 24
Dolphins,49ers,23 Dec 24
Cowboys,Buccaneers,23 Dec 24
Packers,Saints,24 Dec 24
Week 16 of 18,,
Steelers,Chiefs,25 Dec 24
Texans,Ravens,26 Dec 24
Bears,Seahawks,27 Dec 24
Commanders,Falcons,29 Dec 24
Patriots,Chargers,29 Dec 24
Bengals,Broncos,29 Dec 24
Giants,Colts,29 Dec 24
Rams,Cardinals,29 Dec 24
Buccaneers,Panthers,29 Dec 24
Bills,Jets,29 Dec 24
Vikings,Packers,29 Dec 24
Saints,Raiders,29 Dec 24
Jaguars,Titans,29 Dec 24
Eagles,Cowboys,30 Dec 24
Browns,Dolphins,30 Dec 24
49ers,Lions,31 Dec 24
Week 17 of 18,,
Ravens,Browns,5 Jan 25
Raiders,Chargers,5 Jan 25
Steelers,Bengals,5 Jan 25
Cardinals,49ers,5 Jan 25
Falcons,Panthers,5 Jan 25
Broncos,Chiefs,5 Jan 25
Rams,Seahawks,5 Jan 25
Titans,Texans,5 Jan 25
Eagles,Giants,5 Jan 25
Colts,Jaguars,5 Jan 25
Lions,Vikings,5 Jan 25
Cowboys,Commanders,5 Jan 25
Packers,Bears,5 Jan 25
Jets,Dolphins,5 Jan 25
Buccaneers,Saints,5 Jan 25
Patriots,Bills,5 Jan 25
